id;company;first_name;last_name;email;phone_number;licence_number;dob;company_joined_on;company_left_on;image;image_content_type;licence_image;licence_image_content_type;remarks;contract_doc;contract_doc_content_type;status
1;Investment Account;Delmer;Steuber;Montana_Kuvalis@gmail.com;85783;68335;2020-01-06;2020-01-06;2020-01-06;../fake-data/blob/hipster.png;image/png;../fake-data/blob/hipster.png;image/png;quantify;../fake-data/blob/hipster.png;image/png;ACTIVE
2;ability indexing Practical;Laila;Krajcik;David_Ledner17@yahoo.com;80345;9622;2020-01-06;2020-01-06;2020-01-06;../fake-data/blob/hipster.png;image/png;../fake-data/blob/hipster.png;image/png;Drive approach Cuban Peso Peso Convertible;../fake-data/blob/hipster.png;image/png;INACTIVE
3;customized incentivize sexy;Eve;Conroy;Fernando_Dicki@gmail.com;12705;32877;2020-01-06;2020-01-06;2020-01-06;../fake-data/blob/hipster.png;image/png;../fake-data/blob/hipster.png;image/png;Direct enterprise motivating;../fake-data/blob/hipster.png;image/png;INACTIVE
4;Directives;Elva;Waters;Helen.Crist21@hotmail.com;78755;66143;2020-01-06;2020-01-06;2020-01-06;../fake-data/blob/hipster.png;image/png;../fake-data/blob/hipster.png;image/png;Borders moratorium;../fake-data/blob/hipster.png;image/png;INACTIVE
5;Tools Regional synthesizing;Carleton;Pagac;Barrett69@yahoo.com;25771;8802;2020-01-06;2020-01-05;2020-01-06;../fake-data/blob/hipster.png;image/png;../fake-data/blob/hipster.png;image/png;users invoice Small;../fake-data/blob/hipster.png;image/png;ACTIVE
6;SAS Divide Berkshire;Summer;Buckridge;Krystal94@gmail.com;95041;19;2020-01-06;2020-01-06;2020-01-06;../fake-data/blob/hipster.png;image/png;../fake-data/blob/hipster.png;image/png;Cambridgeshire benchmark;../fake-data/blob/hipster.png;image/png;INACTIVE
7;transmit Haven USB;Fatima;Terry;Aurelio.Mayer13@gmail.com;78802;48505;2020-01-06;2020-01-06;2020-01-06;../fake-data/blob/hipster.png;image/png;../fake-data/blob/hipster.png;image/png;SQL;../fake-data/blob/hipster.png;image/png;INACTIVE
8;Alaska Operative;Reinhold;Waelchi;Alvis_Wiegand50@yahoo.com;37360;62982;2020-01-06;2020-01-06;2020-01-06;../fake-data/blob/hipster.png;image/png;../fake-data/blob/hipster.png;image/png;Ghana Handmade Soft Cheese;../fake-data/blob/hipster.png;image/png;ACTIVE
9;24 hour Security Refined;Bradly;Torp;Ernestine74@yahoo.com;98154;62075;2020-01-06;2020-01-06;2020-01-06;../fake-data/blob/hipster.png;image/png;../fake-data/blob/hipster.png;image/png;Central invoice;../fake-data/blob/hipster.png;image/png;ACTIVE
10;Forward bypassing;Elouise;Reichel;Jesse_Rogahn@yahoo.com;29771;96906;2020-01-06;2020-01-06;2020-01-06;../fake-data/blob/hipster.png;image/png;../fake-data/blob/hipster.png;image/png;Arkansas global Egypt;../fake-data/blob/hipster.png;image/png;ACTIVE
