id;enumber;type;ownershiptype;status;vin;make;model;description;year;year_purchased;license_plate_number;license_plate_expiration;inspection_sticker_expiration
1;Ohio Fish;CHASIS;Savings Account indexing;ACTIVE;capacitor architectures complexity;payment reboot;De-engineered Jordanian Dinar;Light;implementation structure;reboot Granite;firewall payment;2020-01-06;2020-01-06
2;e-commerce;TRAILER;Avon deliver;INACTIVE;Fantastic Cotton Keyboard;Savings Account cyan Metal;protocol;Libyan Dinar wireless;Officer;RSS Cambridgeshire transition;Agent navigating;2020-01-06;2020-01-06
3;magnetic SCSI time-frame;CHASIS;invoice Administrator;ACTIVE;Bike deploy;Markets;Quality;Officer;New York;digital;orchid;2020-01-06;2020-01-06
4;Kwanza Security Dynamic;CONTAINER;e-commerce;INACTIVE;ivory;Gabon Baby content;frame Auto Loan Account Chair;Steel Beauty Swiss Franc;functionalities;demand-driven Euro;sensor Digitized;2020-01-06;2020-01-06
5;Portugal;CONTAINER;Licensed Granite Chips Buckinghamshire;ACTIVE;Zambian Kwacha payment Bolivar Fuerte;supply-chains Mauritius Rupee;Guinea-Bissau white;Auto Loan Account seamless Liechtenstein;evolve platforms zero defect;Pines Executive time-frame;SSL Harbor;2020-01-06;2020-01-06
6;Reverse-engineered AGP azure;TRAILER;Ohio back up;ACTIVE;neural-net Administrator;Dominican Peso online;HTTP Norfolk Island;withdrawal;Networked Rustic Louisiana;interactive quantify;world-class Profit-focused circuit;2020-01-06;2020-01-06
7;input Incredible;TRAILER;Refined;ACTIVE;Oklahoma next-generation Unbranded;Jewelery;bypassing Concrete;Sleek Borders Configurable;Industrial Jewelery;compressing synergies payment;infrastructures New Mexico;2020-01-06;2020-01-06
8;New Mexico transmitter Dale;TRAILER;SAS synergies driver;ACTIVE;Sleek Unbranded Granite Car;Hryvnia;protocol;Car;Generic District;redundant;bandwidth RSS;2020-01-06;2020-01-06
9;Human architectures Forint;CONTAINER;Haiti bandwidth Metal;INACTIVE;Berkshire JBOD Toys;Buckinghamshire Table;payment contingency synergistic;azure Unbranded driver;Berkshire;Granite;recontextualize Incredible out-of-the-box;2020-01-06;2020-01-05
10;JBOD;CHASIS;Face to face neural Unbranded;INACTIVE;collaborative Central Personal Loan Account;customized SQL Web;Pike Steel matrix;drive;connect;Dynamic indigo Towels;Hungary bandwidth;2020-01-06;2020-01-06
