id;company;first_name;last_name;contact_designation;email;phone_number;address;street_address;city;state_province;country;postal_code;dot;mc;profile_status;preffred_currency;contract_doc;contract_doc_content_type
1;Chicken;Fiona;Mueller;ACCOUNTANT;Furman.Johnston41@hotmail.com;12667;viral pink Auto Loan Account;Chips;New Sherwood;e-tailers;USA;Berkshire bypassing mint green;Credit Card Account;42738;ACTIVE;CAD;../fake-data/blob/hipster.png;image/png
2;Quality-focused Accountability;Retta;Corwin;ACCOUNTANT;Kendrick_Hudson30@gmail.com;60240;grow Implementation;Producer Specialist Serbia;North Amyachester;connect;MEXICO;plum;paradigms Granite;93499;INACTIVE;USD;../fake-data/blob/hipster.png;image/png
3;Mobility;Edna;Nader;ACCOUNTANT;Omer76@yahoo.com;59778;Assistant bypassing;panel invoice Personal Loan Account;Abdielburgh;uniform Advanced;USA;Infrastructure Advanced modular;Court strategic;77708;ACTIVE;CAD;../fake-data/blob/hipster.png;image/png
4;deposit Handmade;Christ;Olson;ACCOUNTANT;Milo94@gmail.com;1532;Forward Wooden;Granite JBOD;Schmidtchester;Wooden responsive;MEXICO;Vatu Cambridgeshire;payment mission-critical Designer;32233;INACTIVE;INR;../fake-data/blob/hipster.png;image/png
5;calculate frictionless Avon;Eden;Predovic;ACCOUNTANT;Cayla_Bednar@yahoo.com;67033;Bedfordshire;Gorgeous Metal Sausages;Kaileefort;Hat Spur Gorgeous;MEXICO;Associate logistical;Salad throughput Hat;33809;ACTIVE;USD;../fake-data/blob/hipster.png;image/png
6;program;Rowan;Braun;MANAGER;Meagan46@yahoo.com;63499;hub;invoice Credit Card Account deposit;Schuppeberg;deposit Multi-tiered maroon;USA;CSS;Cambridgeshire;91781;ACTIVE;CAD;../fake-data/blob/hipster.png;image/png
7;Meadow Interactions;Betsy;Ferry;ACCOUNTANT;Mike_Abernathy66@gmail.com;33631;Bedfordshire maroon;invoice Lithuania auxiliary;Stellaburgh;global Awesome red;CANADA;generate impactful Bedfordshire;Netherlands Antilles Fantastic Soft Pants Keyboard;871;INACTIVE;CAD;../fake-data/blob/hipster.png;image/png
8;Park productize Table;Terrence;Sanford;DISPATCHER;Jacynthe.Larkin66@hotmail.com;63785;indigo;Chicken;Leannonton;array alarm;CANADA;system engine discrete payment;Team-oriented Security Sleek Cotton Bacon;85618;ACTIVE;USD;../fake-data/blob/hipster.png;image/png
9;calculate Planner COM;Adriel;Block;MANAGER;Hanna.Kozey@gmail.com;98336;capacitor success;productize Incredible Plastic;Rydermouth;Shoes digital;USA;digital matrix navigating;Liaison;90313;INACTIVE;INR;../fake-data/blob/hipster.png;image/png
10;aggregate Cuban Peso Peso Convertible Buckinghamshire;Tanya;Hegmann;DISPATCHER;Dameon.Pouros@hotmail.com;77355;Borders Brazilian Real Trail;Poland;West Caleighchester;Kip Georgia 4th generation;CANADA;Chips;SQL compressing;94771;ACTIVE;CAD;../fake-data/blob/hipster.png;image/png
